{"cameraMode":{"drawMode":0,"name":"Shaded","section":"Shading Mode"},"sceneLighting":true,"audioPlay":false,"sceneViewState":{"m_AlwaysRefresh":false,"showFog":true,"showSkybox":false,"showFlares":true,"showImageEffects":true,"showParticleSystems":true,"showVisualEffectGraphs":true,"m_FxEnabled":true},"in2DMode":false,"pivot":{"x":-0.19558565318584443,"y":-0.07199776917695999,"z":0.015192659571766854},"rotation":{"x":-0.30616483092308047,"y":0.3229514956474304,"z":-0.11127537488937378,"w":-0.8885990381240845},"size":0.812102735042572,"orthographic":false}